,lat,lon
0,53.798823,-1.5406996
1,51.5220198,-0.046224
2,51.7075911,-0.6105459
3,51.7043534,-0.6132459
4,53.3649388,-3.016132
5,51.5503834,-0.1177666
6,51.3844798,-0.1738202
7,51.3843618,-0.1737411
8,51.2374157,-0.5677078
9,51.4913252,-0.0903501
10,54.7397862,-1.5240192
11,51.417262,-0.3693376
12,53.8066093,-1.5830101
13,52.1972857,0.1455689
14,51.2721394,0.4832499
15,51.5258468,0.0294459
16,52.0058418,-0.2657269
17,51.1496199,0.8700466
18,51.1493958,0.8725375
19,53.4795441,-2.2485632
20,53.7969865,-1.5908235
21,53.7970912,-1.5894236
22,53.4802939,-2.2452535
23,53.8139969,-1.6323896
24,55.8880718,-4.3779961
25,53.8101507,-1.6502162
26,51.5436647,-0.1132708
27,57.4796356,-4.2256837
28,51.1706873,0.8717514
29,51.5462358,-0.1022144
30,52.6809394,0.9420988
31,51.57235,-0.3544763
32,51.5692193,-0.347321
33,51.5687059,-0.1111236
34,52.0226273,-0.689835
35,51.5563995,-0.2151126
36,51.5563061,-0.2150065
37,51.5546155,-0.2126041
38,52.4029623,-2.016091
39,51.4065197,0.0124591
40,51.4003374,0.0166012
41,51.4001691,0.0167578
42,51.4449216,-0.2051366
43,51.7365409,-1.2081714
44,52.9806328,-2.1548902
45,51.4303731,-0.3066715
46,51.4309457,-0.3068603
47,51.5316083,-0.0371207
48,51.4443627,0.2164264
49,56.0063056,-3.7307395
50,52.4386601,-1.9405077
51,52.1359477,-0.4665473
52,51.5082407,-3.1331546
53,51.5973417,-0.1093728
54,51.5130283,-0.1509526
55,52.4460165,-1.9329042
56,53.6740498,-1.6941873
57,51.2623781,-1.0872824
58,51.2624879,-1.0865435
59,51.2632951,-1.0865848
60,51.5118127,-0.0820271
61,51.5147843,-0.0780473
62,51.5499832,-0.1409634
63,52.218144,-0.0706373
64,51.4776889,-0.1015748
65,58.2080828,-6.3878217
66,51.489311,-0.0965476
67,51.518332,-0.171436
68,51.5175849,-0.1664046
69,51.5873136,-0.13289
70,51.599386,-0.1018299
71,51.5920782,-0.0695821
72,51.5929471,-0.0694557
73,55.5921593,-4.4879873
74,55.5992846,-4.496984
75,52.7227171,-4.0547647
76,51.5871885,-0.3047637
77,52.6692485,0.1576314
78,51.3967662,0.1738734
79,51.3969204,0.1735666
80,52.5632703,-1.8233591
81,51.5566338,-0.0465039
82,51.4622598,-0.21655
83,51.4624374,-0.2164982
84,55.8517686,-4.0205214
85,52.6284247,-1.9999093
86,51.7280073,-1.2250514
87,51.5390954,-0.0980906
88,51.5616355,-0.0738737
89,57.4849099,-4.2358199
90,56.4612236,-2.9711999
91,51.506298,-0.237379
92,52.5440204,-1.8949256
93,51.9185718,-0.1797187
94,55.9329417,-3.235492
95,53.7711335,-1.720546
96,56.4624469,-2.9684113
97,53.7064456,-1.6545036
98,51.7625578,-0.2265475
99,52.5425169,-1.8857903
100,51.5113348,-0.0775963
101,51.7626191,-0.2307134
102,51.528009,-0.132269
103,53.784824,-1.5596138
104,51.5303311,-0.1227932
105,53.407591,-2.978669
106,53.7685249,-1.7131167
107,51.4885016,-0.110998
108,51.5165928,-0.1409962
109,54.3375675,-1.4343067
110,54.3401691,-1.4340846
111,54.3386956,-1.4335629
112,54.3405695,-1.4342295
113,51.49591,-0.082811
114,51.495598,-0.083154
115,53.4528268,-2.3938941
116,51.5137604,-0.0756409
117,53.4483184,-2.3550092
118,55.6810284,-4.5144347
119,53.4545126,-2.3252619
120,55.0567113,-1.5951808
121,51.7203579,-1.2015971
122,51.5137435,-0.1014909
123,55.0573925,-1.6273182
124,51.9018517,-0.20212
125,51.7466603,-1.2030376
126,52.4358246,-1.8164077
127,56.4671279,-2.8748836
128,51.5147835,-0.1410552
129,51.2439002,-0.6110705
130,50.1010342,-5.2739585
131,51.5337386,-0.0978797
132,51.4277721,-0.9466116
133,51.516852,-0.119628
134,51.4819121,-0.1995261
135,51.5396991,-0.0970261
136,51.541102,-0.0944208
137,51.5466066,-0.15826
138,51.3574901,-0.2168891
139,51.5656189,-0.1073558
140,55.7699982,-2.0056111
141,51.4934559,-0.1672322
142,51.5220933,-0.1621436
143,52.8910848,-1.4519714
144,52.785093,-1.5764712
145,52.4050973,-1.8863653
146,52.4060775,-1.8872024
147,51.5004756,-0.0979035
148,52.9046308,-1.4747933
149,52.8022427,-1.6301389
150,51.5566124,-0.1387932
151,51.5560075,-0.1367668
152,53.7581583,-2.7030346
153,52.4814503,-1.896065
154,52.4815263,-1.8961733
155,52.4811468,-1.8958443
156,52.517223,-1.9019027
157,52.5340196,-1.918228
158,52.5452164,-1.9330013
159,52.5445063,-1.9308167
160,52.5411342,-1.8850955
161,53.4145818,-2.3511991
162,52.498793,-1.8948485
163,53.6852277,-1.6968434
164,52.5069061,-1.9023766
165,53.712995,-1.6305049
166,55.08457,-1.5877796
167,53.6828605,-1.4947434
168,53.6832802,-1.4980001
169,51.5410199,0.6957844
170,51.4827558,-3.2131718
171,51.5411323,0.695476
172,51.4822369,-3.1774942
173,51.4776382,-3.1777504
174,51.1175931,-0.1725038
175,52.1983003,-2.2014959
176,52.2060953,-2.2027277
177,52.2097044,-2.1870017
178,52.2034363,-2.1907141
179,51.4340944,-0.9682057
180,52.4819329,-1.8966362
181,52.4820724,-1.8968113
182,53.4323527,-1.3572295
183,53.425689,-1.326676
184,55.6737612,-3.7747967
185,52.8214248,-2.1324117
186,53.432374,-1.357307
187,53.431939,-1.357216
188,52.4726726,-1.9171068
189,51.4791528,-3.1783492
190,53.6911544,-1.6292081
191,51.5644953,-0.1321659
192,55.0862369,-1.5853779
193,51.5612158,-0.1127962
194,52.9302556,-1.1255643
195,52.0616256,1.184002
196,54.9418923,-2.7351046
197,52.2280149,-0.9009878
198,52.5524521,-1.8836136
199,52.5536466,-1.8846006
200,52.5537035,-1.8837271
201,52.0304384,1.2000792
202,51.5462769,-0.1441036
203,51.897772,-2.099946
204,51.5175478,-0.1515688
205,52.9211196,-1.4752056
206,52.9213343,-1.4740321
207,51.27974,-0.3753663
208,52.4794707,-1.9011071
209,50.9778281,-1.3601538
210,51.373224,0.5529845
211,53.45282,-2.2861129
212,51.2961055,-0.3552689
213,52.1373923,-0.4705931
214,53.4540986,-2.2991462
215,51.4889202,-0.1346275
216,53.3660519,-0.0040445
217,56.2444388,-4.2167512
218,51.5768067,-3.2175602
219,52.1369144,-0.4550464
220,51.3927687,-0.6289499
221,53.4652676,-2.2595319
222,51.5404683,0.0004653
223,51.5406309,0.0006719
224,52.6364614,-2.4513023
225,52.6356571,-2.4504192
226,50.7348539,-1.77808
227,55.8588317,-4.2632655
228,52.9531621,-1.1513749
229,52.9531916,-1.1514307
230,55.8642143,-4.2204414
231,52.0601056,-2.6962474
232,51.4494121,-0.1898561
233,52.0646572,-0.7919543
234,51.5221999,-0.1357046
235,51.5692092,-0.1122256
236,55.0056047,-1.517877
237,51.4987409,0.0897577
238,51.5805157,-0.3338758
239,51.5810098,-0.333575
240,51.9702364,-0.2104577
241,51.5643885,-0.3535354
242,51.581515,-0.3334739
243,52.2272625,-2.7387515
244,53.6435516,-1.813149
245,53.6442647,-1.7835364
246,53.6442618,-1.7832174
247,51.5581041,-0.118671
248,55.8609505,-4.2438404
249,50.9176429,-1.4277154
250,50.9869824,-1.3731322
251,54.5826424,-0.9739012
252,53.4128382,-2.9125344
253,52.53048,-1.3613198
254,55.8760162,-4.323932
255,53.8591698,-1.9111811
256,55.4128509,-1.7072712
257,55.85723,-4.2461126
258,55.8580829,-4.2529813
259,55.8607288,-4.2582744
260,55.8607227,-4.2581697
261,55.8607207,-4.2580794
262,53.8179587,-3.054715
263,55.8634603,-4.21434
264,52.9461387,-1.2328406
265,55.8556393,-4.2274296
266,55.8554727,-4.2357723
267,55.8582544,-4.2423813
268,55.8572929,-4.2557764
269,51.5366908,-0.9042853
270,55.8585872,-4.2167944
271,55.858342,-4.2180874
272,51.59822,-0.092489
273,51.5978908,-0.0924531
274,51.5978938,-0.0927524
275,55.9340527,-3.1781594
276,52.7701866,-1.2068247
277,52.7730037,-1.2084758
278,53.4026673,-1.5015089
279,52.2821576,-0.6095476
280,51.620023,-3.9464513
281,51.6201618,-3.9465443
282,54.543739,-1.9236568
283,53.6528897,-1.8163409
284,50.5274123,-3.5877552
285,53.2279231,-4.1236255
286,50.9175193,-1.4275806
287,56.0098047,-3.7103447
288,52.5211104,-1.784371
289,51.1315586,0.2632272
290,52.2135015,0.154309
291,52.1872971,0.1483148
292,50.8449321,-1.0671953
293,54.9507996,-1.5954911
294,55.8194212,-3.806879
295,55.8693611,-4.2306354
296,54.6982658,-1.6039439
297,54.699221,-1.600795
298,52.2207602,0.1338505
299,55.8655565,-4.2656451
300,55.8835179,-4.1650573
301,52.1880725,0.1738754
302,52.1873868,0.1735696
303,52.1084334,-2.3113383
304,55.8977303,-4.2137961
305,55.8977467,-4.2157815
306,55.8786845,-4.1954387
307,55.9741706,-3.1860656
308,55.9710442,-3.2075056
309,51.593187,0.0259259
310,55.868659,-4.1881214
311,52.2244867,0.1281494
312,51.5281727,-0.092034
313,51.5948931,0.0239595
314,50.444436,-3.5633146
315,55.9496768,-3.2088827
316,55.9502596,-3.2087651
317,50.7844018,-1.0887062
318,51.4947095,-0.1305346
319,55.8651859,-4.1834481
320,51.1180068,-0.1635415
321,52.2439167,0.4055578
322,52.2442426,0.4043957
323,53.8158068,-1.6011436
324,52.1997797,0.126719
325,55.8578362,-4.1355766
326,50.9249857,-1.3756732
327,51.5462896,-0.0549137
328,51.5899084,-0.0166294
329,55.9467683,-3.2161434
330,53.7370819,-2.9626559
331,53.7988469,-1.5409075
332,53.7986377,-1.5400885
333,53.7972957,-1.5405535
334,55.8929182,-4.2604779
335,55.8955269,-4.2618436
336,51.5923256,0.0282976
337,51.5917455,0.0277742
338,51.597642,-0.0156505
339,53.3479234,-3.095109
340,55.8606206,-4.2589711
341,55.8560501,-4.2433346
342,51.3745965,-0.0967117
343,55.8832681,-4.2294517
344,53.8221722,-1.5782285
345,55.8581656,-4.2240601
346,50.4356478,-3.5657498
347,52.4618509,-2.0127674
348,53.7959809,-1.548569
349,53.7982788,-1.5394192
350,53.7979444,-1.5395818
351,53.7963131,-1.5378936
352,53.3759053,-3.0329282
353,52.5324137,-1.9303739
354,55.8569247,-4.2494072
355,52.5419353,-2.1222802
356,52.5415465,-2.1223825
357,52.4634178,-1.997075
358,55.8591166,-4.2593909
359,55.8609748,-4.2620125
360,55.8917014,-3.4813271
361,52.0792379,1.1276671
362,51.903564,-2.099912
363,51.889921,-2.078471
364,52.0559936,1.1551141
365,52.9580589,-1.1657233
366,52.9529184,-1.1502446
367,52.9537531,-1.1501169
368,51.894186,-2.064694
369,52.9549133,-1.1499997
370,53.4977305,-2.2367669
371,55.8492997,-4.2273768
372,51.363201,-0.0970292
373,52.9542537,-1.1934448
374,55.8602576,-4.2571925
375,52.9651509,-1.1700266
376,52.9665002,-1.1713929
377,52.9557356,-1.176591
378,52.955755,-1.1763199
379,51.5872059,-0.0033769
380,53.0104861,-1.1744185
381,52.4140679,-4.0858498
382,52.9432915,-1.1454604
383,52.9743113,-1.2156987
384,52.9707747,-1.1983613
385,52.954485,-1.1220036
386,52.9760151,-1.1891834
387,52.9641224,-1.229283
388,52.9763777,-1.211198
389,52.9104616,-1.172137
390,52.9037399,-1.1773156
391,51.5580181,-0.3351638
392,51.5517137,-0.3389153
393,52.9536762,-1.1460798
394,52.604188,-1.9180524
395,53.0008609,-1.1972785
396,53.0013556,-1.1966669
397,53.0026727,-1.1957829
398,53.0012394,-1.1971304
399,52.9643291,-1.1795088
400,51.9950759,-2.1566653
401,52.4002722,0.2641858
402,51.949551,-0.2765637
403,51.480916,-0.6116425
404,51.5913595,-0.1415626
405,51.5816099,-0.0997206
406,51.5829151,-0.0999766
407,51.5815218,-0.0993701
408,51.5817771,-0.09976
409,52.9806158,-1.1470172
410,51.5225377,-0.7228016
411,55.9588888,-3.2114704
412,53.0028616,-1.1571665
413,52.9957609,-1.1912526
414,51.5595741,-1.7826126
415,53.3389475,-2.691818
416,52.9556197,-1.1478614
417,51.541485,0.0035575
418,52.9542043,-1.1488925
419,51.6118586,-0.0651877
420,53.6779947,-1.7415467
421,52.1369206,-0.4702691
422,54.3970993,-5.7626104
423,51.5967437,-1.8064535
424,51.4697921,-0.3966264
425,51.7064225,-0.41705
426,52.5410416,-1.3726913
427,51.3408682,-0.7776562
428,51.5726049,-0.2948342
429,53.8285036,-1.5664344
430,50.7905033,-1.0552216
431,50.7899742,-1.0553476
432,50.7955863,-1.0592665
433,52.3953476,-1.97996
434,53.3721222,-3.0113286
435,51.6643141,-0.0441333
436,51.6688091,-0.0412097
437,50.8209372,-0.1358729
438,51.6703586,-0.0407779
439,51.4274815,-0.1674369
440,51.4284238,-0.1678888
441,51.6690251,-0.041551
442,51.5736375,-0.2941762
443,51.6167561,-0.085712
444,51.6483715,-0.1300964
445,51.6491723,-0.1286509
446,51.7009267,-0.4038559
447,51.6469596,-0.0471756
448,51.6410419,-0.0475487
449,51.635613,-0.052193
450,51.6339532,-0.0535316
451,51.6244317,-0.0591455
452,51.6317828,-0.054728
453,53.3038383,-1.1246672
454,53.3038928,-1.1244231
455,53.3073097,-1.12309
456,51.3841175,0.5561809
457,52.4881081,-2.0100212
458,51.4591701,0.0495295
459,51.4504624,0.0522149
460,52.0567649,1.1560586
461,52.0574798,1.1563692
462,51.4502569,0.0543377
463,51.4498818,0.0539843
464,52.9485855,-1.1747325
465,54.9428976,-1.6238006
466,55.93326,-3.1663935
467,51.4989818,-0.1328608
468,53.3755531,-1.4743287
469,51.569971,-0.2943083
470,52.4787612,-1.8994388
471,52.4797524,-1.8982843
472,52.4827054,-1.8936392
473,53.3683985,-1.4763689
474,53.4023035,-2.1640845
475,52.4801741,-1.8942554
476,51.4930597,-0.1383363
477,52.4370895,-1.9692769
478,52.4372905,-1.9688837
479,52.4383132,-1.9696333
480,57.1511727,-2.1028913
481,52.4783742,-1.8986442
482,52.4785831,-1.8979133
483,52.4783524,-1.8983319
484,52.4797899,-1.9016936
485,52.9482925,-1.1479334
486,52.476717,-1.8948339
487,52.4767251,-1.8946234
488,52.1377105,-0.4666523
489,52.4739871,-1.8963198
490,52.47466,-1.8966658
491,52.4740372,-1.8977393
492,52.4747075,-1.8976528
493,51.5143744,-0.1474868
494,51.5109866,-0.1285697
495,52.3994335,0.2659367
496,51.7144812,-0.4507874
497,51.5584313,-0.3610884
498,51.5647392,-0.3527439
499,52.4731363,-1.9170975
500,54.9050806,-1.382417
501,54.9054755,-1.3829343
502,51.9074433,-1.1506188
503,51.5630757,-0.3552689
504,51.5633875,-0.3554133
505,51.5930868,-0.1720163
506,53.3955482,-3.0553635
507,55.9438084,-3.2192069
508,51.5286291,-0.1440707
509,51.3634802,-0.1934092
510,53.1937889,-0.5808399
511,53.182851,-0.5876319
512,51.5108433,-0.0870349
513,53.3600408,-2.8306942
514,53.4737013,-2.1831089
515,56.2079869,-3.1696848
516,55.9160121,-3.2847898
517,55.9159883,-3.284895
518,51.5528693,-0.1230646
519,51.7361278,0.4668677
520,55.8786474,-4.3869713
521,53.9977999,-1.0578124
522,54.9647527,-1.7128761
523,54.9647469,-1.7115489
524,52.4281467,-1.4995617
525,56.1959269,-3.170565
526,52.4761417,-2.0380776
527,51.5139068,-0.321084
528,52.475398,-2.0393372
529,52.4762203,-2.0680084
530,56.1963541,-3.1671897
531,56.1962997,-3.170586
532,51.568505,-0.1111578
533,52.6000256,-1.0839721
534,52.6001338,-1.0836841
535,55.9425878,-3.1823623
536,55.9449628,-3.1837698
537,52.6420511,-1.092077
538,52.0340478,-0.7719014
539,52.642217,-1.0871956
540,57.1724636,-2.1153702
541,51.4543805,-0.037311
542,55.9462792,-3.1855698
543,55.9389843,-3.1797491
544,55.9392393,-3.179899
545,51.1241193,-0.0078374
546,51.5248154,-0.7466741
547,52.2060328,-2.1943479
548,52.1921994,-2.190179
549,52.9071185,-1.5031413
550,54.8254886,-7.4621674
551,55.8475004,-3.0533189
552,51.7455779,-2.2818508
553,54.9043788,-1.3854802
554,52.585085,-1.9848902
555,57.167,-2.0961013
556,55.9327931,-3.1375571
557,52.3429618,0.5111261
558,55.8780359,-3.1483955
559,55.9251467,-3.2601075
560,55.9224356,-3.2865528
561,55.9243862,-3.2775001
562,52.8978188,-1.4310668
563,52.4489189,-2.1408319
564,52.4715996,-1.8941967
565,52.4656017,-1.8912649
566,51.5588634,-0.120578
567,51.5129167,-0.3055982
568,54.8923693,-2.9324864
569,51.4783423,-0.1232444
570,52.3071154,-1.9420287
571,52.3067127,-1.9417246
572,52.3067259,-1.9411817
573,52.306334,-1.9392755
574,52.3067753,-1.942854
575,52.415956,-1.9706333
576,52.4623519,-1.8145648
577,53.3708098,-1.4676939
578,55.9052548,-3.1345695
579,55.9366242,-3.0162358
580,55.9605594,-3.1813418
581,55.8267269,-3.2212613
582,51.4382042,-0.0546375
583,55.889556,-4.323245
584,55.8899845,-4.3244974
585,55.8905133,-4.32441
586,55.8923607,-3.0575822
587,51.4737588,-0.0650793
588,52.583893,-1.9819757
589,52.5844758,-1.9809376
590,52.5838305,-1.9828659
591,52.5840811,-1.9815392
592,55.9571582,-3.188009
593,55.9488546,-3.1867325
594,55.950413,-3.1866628
595,54.6443094,-3.5463271
596,54.6440653,-3.5463674
597,54.5471543,-3.5911542
598,54.5469741,-3.5908895
599,54.5477738,-3.5878581
600,54.663236,-3.3645525
601,51.5236441,-0.1377327
602,50.4678463,-3.5382009
603,55.9668433,-3.1746606
604,52.953347,-1.1369938
605,52.6175825,-1.1169782
606,55.9222537,-3.1533575
607,52.6697457,-0.7303743
608,52.406193,-1.513692
609,52.4092649,-1.510655
610,52.4074627,-1.5103853
611,51.4624018,-0.1133351
612,51.6300237,-0.7115512
613,55.813346,-4.360525
614,51.5120342,-0.0832762
615,51.4619194,-0.1674066
616,54.7150137,-1.5022864
617,52.0263577,-0.7885337
618,53.370989,-1.3857098
619,53.542021,-2.1153424
620,53.5418968,-2.1128024
621,53.5421518,-2.114924
622,53.5426201,-2.1153484
623,52.2449134,0.714478
624,52.4158541,-1.9708976
625,52.4025222,-1.9818707
626,52.4134452,-1.9726107
627,51.733731,0.4733968
628,51.7342729,0.4730025
629,51.1716597,-1.7804689
630,52.1413208,-0.4721092
631,51.6297157,-0.7426086
632,54.8700741,-1.6991145
633,54.8700481,-1.6986903
634,55.8641601,-4.2540539
635,55.9630841,-3.178172
636,55.963207,-3.1780414
637,51.4959647,-0.1420933
638,50.9680191,-1.3536852
639,55.9595719,-3.1717981
640,57.1528357,-2.1043961
641,51.5162808,-0.081954
642,51.4639634,-0.1680783
643,51.5185606,-0.0793144
644,55.0064814,-1.619609
645,51.1728186,-1.7807907
646,53.2037931,-1.0098205
647,52.1268954,-0.4705581
648,52.4469002,-1.888355
649,52.4565833,-1.8861437
650,51.6470017,-0.0467134
651,55.9752567,-3.1671257
652,55.9520134,-3.2018929
653,53.5501711,-2.1981009
654,52.4472684,-1.8878629
655,55.9525069,-3.1979173
656,50.7812434,-1.0803939
657,53.8021611,-1.526064
658,55.9711154,-3.1725547
659,55.959817,-3.1713675
660,50.7850489,-1.090018
661,57.1460744,-2.0966515
662,51.6072327,-0.1235382
663,51.3310402,-0.7796185
664,51.3403254,-0.7766413
665,52.4790822,-1.8972377
666,51.5057859,-0.0886565
667,51.2401708,-0.1680943
668,52.9394342,0.489654
669,52.9396702,0.4899142
670,51.4957298,-0.0996095
671,51.4762649,-0.1489741
672,55.8193654,-4.0818291
673,51.5504013,-0.3392532
674,51.5160407,-0.0754715
675,53.1344041,-1.1969564
676,53.1437523,-1.1975179
677,51.3212667,-2.2082026
678,51.3209997,-2.2079829
679,55.9773013,-3.5946136
680,53.7664615,-1.367879
681,53.7948671,-1.3881396
682,51.3919094,0.0007538
683,52.8035457,-1.632094
684,52.8018571,-1.6304968
685,52.8029946,-1.6303836
686,51.5114237,-0.0825244
687,52.6351542,-1.138347
688,52.6334129,-1.1298572
689,52.6342983,-1.1310991
690,52.6357899,-1.1337528
691,52.6357182,-1.1348576
692,52.9797137,-0.0213791
693,52.979746,-0.0212852
694,52.9775771,-0.0234345
695,52.9762786,-0.0284996
696,52.9764363,-0.026842
697,52.9764344,-0.0267558
698,52.977804,-0.018629
699,52.6281613,-1.1208551
700,53.3203878,-3.4920134
701,51.5303816,-0.1222732
702,51.8655054,-2.2413981
703,53.7953453,-1.5455445
704,51.4442994,-0.3454243
705,55.9694081,-3.15935
706,51.7523113,-1.2575583
707,51.7529892,-1.2576465
708,52.6307277,-1.1479059
709,51.7511964,-1.2573722
710,51.7533753,-1.2609459
711,51.0426772,-0.8921501
712,55.8865419,-4.2845991
713,55.8866517,-4.2842229
714,54.9705478,-1.6197365
715,54.9723425,-1.6164866
716,51.5163744,-0.0827675
717,51.4661852,-0.1502787
718,55.9425083,-3.2032939
719,55.9655824,-3.1552144
720,50.7867955,-1.0750347
721,51.5290354,-0.1324486
722,51.4989816,-0.1652291
723,51.5157936,-0.1444325
724,51.4980624,-0.1669553
725,51.3713772,-0.4888098
726,51.3714809,-0.4874179
727,55.9549435,-3.1471975
728,54.7137753,-3.4967097
729,54.7144047,-3.4996642
730,55.9287646,-3.209717
731,52.8974299,-1.1813319
732,52.6810524,-1.0975357
733,52.6732093,-1.1028674
734,54.5217216,-3.5166521
735,54.5216751,-3.5170897
736,55.9034562,-3.5462251
737,51.2607273,-2.1845133
738,53.1383914,-1.5550192
739,51.513312,-0.0844418
740,54.9066762,-2.9369597
741,55.958233,-3.1837452
742,55.9587851,-3.1832169
743,51.3850458,-0.1019652
744,55.9454029,-3.2340651
745,50.9684221,-1.3533227
746,53.4728344,-2.2397511
747,50.9691898,-1.3522915
748,50.9692728,-1.3529671
749,52.6760065,-1.1196001
750,53.7496917,-2.4816197
751,54.6004833,-3.1354375
752,53.2357877,-1.426874
753,53.2570679,-1.4276468
754,50.8191547,-0.4112187
755,52.5034962,-1.9345851
756,52.9789211,-1.1702243
757,53.1261698,-1.2591961
758,53.229653,-1.2915468
759,51.4741937,-0.1559464
760,53.3703044,-2.2349009
761,53.3702385,-2.2332829
762,53.2739919,-3.22284
763,52.4590512,-1.8765731
764,51.6523937,-0.0800647
765,53.5671217,-2.8842725
766,53.1649648,-1.1936422
767,54.8913603,-2.9321666
768,54.8904255,-2.9296526
769,54.886927,-2.9224372
770,52.4721074,-1.8650711
771,52.4676104,-1.8520397
772,52.4717101,-1.8631817
773,52.4721785,-1.8652693
774,53.7489081,-2.4814178
775,53.7481438,-2.4809219
776,55.9424877,-3.2037768
777,51.450233,0.0816019
778,51.535202,-0.1039132
779,51.5214443,-0.019184
780,52.3341385,-2.0619295
781,52.3333584,-2.0622729
782,52.3351779,-2.0603444
783,52.3365639,-2.05832
784,52.9614522,-1.296387
785,54.8877895,-2.939911
786,54.8824054,-2.9278161
787,54.8927411,-2.9325341
788,54.8925326,-2.9347358
789,53.8523151,-3.0401926
790,53.849966,-3.0508402
791,53.849755,-3.0500121
792,52.2273872,-0.2695632
793,52.2272635,-0.269218
794,52.5715151,0.8253856
795,52.5713292,0.8259516
796,54.9717465,-2.1012692
797,54.5335214,-1.2971902
798,52.495528,-1.8531566
799,52.4888701,-1.8504654
800,52.4892325,-1.8526086
801,51.3388036,-0.115526
802,51.5273927,-0.0176074
803,52.4974779,-1.896068
804,52.5124599,-1.8857278
805,52.0492468,1.1550456
806,54.895265,-2.9334182
807,54.8943743,-2.9336538
808,53.5317782,-2.208496
809,54.3267002,-2.7473506
810,54.3263755,-2.7473997
811,54.326586,-2.7478409
812,52.5853306,-1.1517553
813,53.4613611,-2.2884618
814,55.9622979,-3.1968797
815,55.4601165,-4.6289183
816,55.4628708,-4.6304472
817,55.7637329,-4.1514217
818,55.4629572,-4.6334613
819,55.4649307,-4.63219
820,55.4601346,-4.6285447
821,51.6574283,-0.7094877
822,54.9734646,-1.6190852
823,55.4527263,-4.6016403
824,55.4598835,-4.6286372
825,55.4581896,-4.6279505
826,55.4583821,-4.6272576
827,55.4536458,-4.6179976
828,52.6488311,-1.2044048
829,55.4676749,-4.6302145
830,55.467883,-4.6296011
831,50.6238704,-2.4555633
832,55.9364786,-3.2788187
833,55.9363352,-3.2787469
834,55.9451624,-3.204948
835,51.6041113,0.0945276
836,51.6128283,0.1203019
837,51.4639695,-0.1669615
838,55.3337931,-1.5835936
839,52.5451854,-1.9843077
840,52.5453298,-1.9828072
841,53.478214,-2.240192
842,53.2955716,-2.7255635
843,52.3727896,-1.2617816
844,52.3729982,-1.2614392
845,53.9602533,-2.0187794
846,53.960329,-2.0179198
847,51.4733206,-0.1919729
848,51.4457026,-0.4105929
849,51.4224036,-0.4420191
850,51.4454593,-0.4107682
851,54.1288963,-2.7683963
852,51.515355,-0.072207
853,54.9990192,-1.431662
854,55.0177673,-1.4229604
855,53.866334,-1.6817592
856,53.8661784,-1.683243
857,52.6212071,-1.0760458
858,52.7231569,-1.3742611
859,52.7251272,-1.3747197
860,52.7251192,-1.374438
861,51.8840368,-0.3830457
862,51.8884455,-0.3715697
863,54.2094505,-0.288538
864,55.4726662,-4.594621
865,55.4727141,-4.5944421
866,55.4695364,-4.60762
867,51.4292869,-0.421256
868,52.3755374,-2.3164508
869,51.4566395,-0.9713932
870,51.4568049,-0.9711518
871,53.6029839,-3.0343253
872,51.5179341,-0.079674
873,54.9727512,-1.6142346
874,53.6263234,-3.0054984
875,55.8954439,-4.2622037
876,51.4287402,-0.4527804
877,51.4293519,-0.495645
878,53.6348338,-3.0153967
879,53.4126655,-2.1573957
880,53.4124576,-2.1597287
881,53.410715,-2.1624646
882,53.4110199,-2.1576361
883,53.4110391,-2.157746
884,53.4256293,-2.1012773
885,53.4258371,-2.1002875
886,53.6365863,-3.0087527
887,54.6637803,-3.3657653
888,53.6480652,-3.0037353
889,53.6462128,-3.0056949
890,53.6460935,-3.0055313
891,52.282859,-1.5166331
892,53.6483337,-3.0036121
893,53.6474914,-3.0021999
894,53.9054682,-1.6944701
895,51.4836262,-0.3286086
896,51.4067574,-0.4059761
897,54.5415619,-3.4938286
898,52.7645298,-0.8859737
899,55.7689342,-2.0028167
900,51.5325805,-0.7245767
901,52.4465388,-1.819107
902,50.8354686,-0.7793131
903,51.5020084,-0.2278003
904,53.9940227,-1.5386364
905,51.5024951,-0.2252921
906,51.5711174,-0.7779171
907,53.7964597,-1.6635999
908,55.8974829,-3.514862
909,51.5062914,-0.2332589
910,51.5065629,-0.2376168
911,53.6459944,-2.9887032
912,51.594873,-0.0055022
913,54.9067004,-1.3819755
914,54.9036223,-1.3856927
915,54.9043935,-1.3852467
916,54.9036702,-1.3857647
917,51.4935349,-0.2241188
918,51.4933299,-0.2237733
919,53.6504078,-2.9872379
920,53.6473481,-2.9713041
921,52.764381,-0.8852501
922,52.7644651,-0.8840879
923,51.4343055,-2.5671246
924,51.4345883,-2.5669548
925,53.6609235,-2.9661475
926,51.4248523,-2.5859527
927,53.2343067,-1.4449007
928,54.5919633,-5.9107386
929,52.4434061,-1.7848819
930,52.444751,-1.7849711
931,54.6535158,-1.6780223
932,51.5377085,-0.1419166
933,54.6632031,-1.675124
934,54.6642407,-1.6748484
935,54.6589127,-1.6758951
936,53.5793193,-1.4788918
937,54.6607472,-1.6757074
938,51.5051174,-0.0192951
939,53.1257671,-1.2616123
940,51.7781505,-1.265377
941,51.9075293,-1.1505293
942,54.5428911,-1.9234817
943,54.5474898,-1.5864844
944,54.5340923,-1.5787965
945,54.5347942,-1.578142
946,53.5095363,-2.1585599
947,54.5247229,-1.5542445
948,54.5250413,-1.5542138
949,54.5259889,-1.5571618
950,54.5263378,-1.5562074
951,54.9074143,-1.3809695
952,54.9051098,-1.3820978
953,54.9045379,-1.3819398
954,54.5254381,-1.5575727
955,54.5879313,-5.932755
956,50.6552326,-1.1520029
957,50.65458,-1.1535368
958,54.5215727,-1.550957
959,54.5317362,-1.5526529
960,53.8191124,-3.0521532
961,53.8194931,-3.052784
962,54.5501881,-1.5435187
963,53.7513705,-3.0307874
964,53.7521036,-3.0306514
965,54.5203569,-1.5433269
966,54.5223697,-1.5246624
967,54.538071,-1.5225519
968,51.4423037,-0.4125971
969,55.9710787,-3.1730723
970,55.9705809,-3.1722999
971,53.8376667,-1.6411183
972,52.4344257,-1.8926557
973,55.8285505,-4.2830807
974,54.0375146,-2.7890145
975,51.542232,-0.3458578
976,52.6317369,-1.1327118
977,53.4189597,-2.425768
978,53.1445358,-1.1967915
979,53.8320215,-1.6424899
980,54.0494846,-2.800231
981,54.0487537,-2.802887
982,53.7819555,-0.414479
983,53.5665274,-0.6481854
984,53.5665247,-0.6480903
985,51.8232157,-3.0195407
986,53.4181845,-2.9896982
987,56.0589255,-3.235911
988,53.4530066,-2.2576241
989,54.9668447,-1.7876355
990,54.0472748,-2.7999642
991,54.5998494,-5.9267862
992,54.6010671,-5.9263788
993,54.599262,-5.9274675
994,53.8844806,-1.2608155
995,54.5973603,-5.9246569
996,55.918766,-3.1386958
997,55.8744883,-3.6226309
998,55.8746849,-3.6235651
999,54.0665497,-2.8318004
1000,55.8900288,-4.2895238
1001,54.0722085,-2.8647327
1002,56.1087944,-3.1600353
1003,51.5645426,-0.1088491
1004,55.9056203,-3.222234
1005,53.2350715,-1.4286639
1006,53.2352128,-1.4301094
1007,53.235407,-1.4314612
1008,55.9868487,-3.7801733
1009,55.8457604,-4.0230527
1010,54.899188,-1.5331373
1011,54.0614689,-2.8526948
1012,54.0660573,-2.8796163
1013,54.0659956,-2.880095
1014,56.1074074,-3.1602499
1015,56.1086345,-3.1600643
1016,56.1129149,-3.1549126
1017,56.1286508,-3.1375653
1018,52.5303172,-2.0348009
1019,52.5298296,-2.032664
1020,55.947386,-3.1362681
1021,53.9584265,-1.0826356
1022,53.9579245,-1.0820803
1023,54.5712389,-5.9029967
1024,54.8942005,-1.5774477
1025,54.8953953,-1.5773046
1026,54.8957214,-1.5774002
1027,54.4038002,-1.7372911
1028,54.4038426,-1.7402871
1029,55.9365993,-3.2399031
1030,55.9339087,-3.2453942
1031,54.8752774,-1.4269073
1032,54.8821295,-1.4304913
1033,53.9580171,-1.0794725
1034,53.9580656,-1.0795529
1035,54.8886818,-1.4181478
1036,54.8942155,-1.4330279
1037,54.9013726,-1.4445136
1038,53.9520444,-1.084713
1039,54.8968406,-1.4401621
1040,54.5760931,-5.9176862
1041,56.0617012,-3.4063275
1042,54.9016864,-1.436976
1043,54.9130008,-1.5215074
1044,54.9125779,-1.5211461
1045,54.9128152,-1.521134
1046,54.8586047,-1.5764067
1047,54.8580835,-1.5745284
1048,53.9558679,-1.0731451
1049,54.8542236,-1.5733502
1050,53.1402428,-4.2726352
1051,54.8645755,-1.5862114
1052,54.5505805,-1.2938736
1053,52.7085135,-1.9987046
1054,54.8515382,-1.8318863
1055,54.8524668,-1.831913
1056,54.853996,-1.8317359
1057,54.4700848,-1.1924975
1058,54.6751773,-5.9881058
1059,54.3468703,-7.6442064
1060,51.6021541,-0.0674645
1061,56.6444619,-2.8874227
1062,52.1996907,-1.7310915
1063,51.5053379,-0.0578689
1064,53.6885225,-2.7165668
1065,53.6905462,-2.6978816
1066,52.4527469,-1.78523
1067,52.4522096,-1.7827838
1068,52.4517314,-1.7787049
1069,53.694737,-2.6949351
1070,53.6949631,-2.6940811
1071,53.6955294,-2.6933866
1072,56.6444747,-2.8888606
1073,54.1959729,-3.096681
1074,56.029428,-3.3990823
1075,56.0301365,-3.3981238
1076,53.163217,-1.1988242
1077,52.3885754,-1.7345343
1078,51.4415703,-0.1541825
1079,51.4693878,-0.2100158
1080,53.9722581,-1.0877384
1081,53.2040754,-1.0081548
1082,54.1960255,-3.0954473
1083,50.8171392,-1.0791807
1084,54.9772857,-1.5807741
1085,54.9771918,-1.5814313
1086,54.7000667,-1.5998389
1087,54.7004783,-1.5996456
1088,54.9773635,-1.5781401
1089,55.8313997,-3.2242674
1090,52.4434102,-2.0121393
1091,55.9526457,-3.1134888
1092,51.4561371,-0.9719869
1093,51.4562061,-0.9722337
1094,51.4558802,-0.9722565
1095,50.9278347,-1.3351959
1096,50.8786034,-1.0333785
1097,52.5768104,-1.5446515
1098,52.5773801,-1.5466431
1099,53.3719708,-3.1844044
1100,51.4570459,-0.972286
1101,53.3942092,-3.1751354
1102,51.6522113,-0.0784315
1103,51.6522474,-0.0789966
1104,56.0241284,-3.816022
1105,51.8754781,-0.4179955
1106,51.8757348,-0.4091225
1107,55.9523151,-3.1132267
1108,51.8795919,-0.4178719
1109,53.8475149,-2.9928343
1110,53.8476952,-2.9927552
1111,55.9535619,-3.1151738
1112,53.8328647,-3.0406876
1113,51.8790035,-0.4165287
1114,51.8784484,-0.4154856
1115,51.878044,-0.4156104
1116,51.877878,-0.4128872
1117,51.8780159,-0.4132981
1118,53.8162889,-3.0365751
1119,51.8806468,-0.4147344
1120,52.4727039,-1.9172645
1121,51.5187833,-0.107781
1122,55.9056398,-3.1332619
1123,53.2048015,-1.1530918
1124,51.8797,-0.4168943
1125,51.4160682,-0.0550558
1126,51.4153739,-0.0533173
1127,51.4135035,-0.0518506
1128,51.5912126,-2.7515193
1129,51.5910491,-2.752374
1130,51.4928139,-0.2251593
1131,53.4381861,-3.0413203
1132,50.8462571,-1.066272
1133,53.4266057,-3.0672231
1134,54.3645131,-2.920568
1135,52.3851144,-2.2399531
1136,52.3884583,-2.2496327
1137,52.3889677,-2.247261
1138,52.389464,-2.2471912
1139,54.4824437,-3.5280958
1140,54.4826503,-3.5285425
1141,56.1949436,-3.1980955
1142,52.6625647,-1.2274763
1143,55.942763,-3.049068
1144,55.942285,-3.0512054
1145,53.4825488,-2.239159
1146,53.4828845,-2.2389708
1147,53.4830935,-2.2393458
1148,54.9719787,-1.4121409
1149,54.9719176,-1.4096137
1150,54.9719578,-1.4093638
1151,54.9812951,-1.3984042
1152,54.947621,-1.4602581
1153,53.4740385,-2.281039
1154,53.4815019,-2.2495684
1155,53.4831947,-2.2461834
1156,53.4831012,-2.246228
1157,51.5139854,-0.3026733
1158,53.4760002,-2.242616
1159,51.4652195,-0.1570147
1160,52.898276,-1.8644383
1161,51.4661522,-0.151373
1162,54.9247087,-1.5746488
1163,54.9253721,-1.5748181
1164,54.9591382,-1.4314478
1165,54.9636982,-1.4669422
1166,52.6049728,-1.916121
1167,54.9737972,-1.439856
1168,54.9740936,-1.4400604
1169,54.9747591,-1.4395064
1170,53.5667459,-2.8862788
1171,52.3591478,-1.2913556
1172,51.645968,-2.6842016
1173,51.4637076,-0.3020836
1174,51.4640836,-0.3016115
1175,51.4568854,0.1419594
1176,51.4570363,0.1407699
1177,55.1266017,-1.5115595
1178,53.3420535,-1.3535511
1179,53.3416665,-1.3534848
1180,51.5132109,-0.0566054
1181,51.5027266,-0.1103101
1182,55.1185702,-1.5250911
1183,55.1313084,-1.5966331
1184,55.1311741,-1.5953499
1185,55.2940864,-1.6028798
1186,51.5343579,0.0360013
1187,51.533344,0.0361886
1188,54.9892439,-1.4375127
1189,54.9864228,-1.4305984
1190,54.9874392,-1.4233777
1191,54.9899607,-1.4373333
1192,50.7911399,-0.9902687
1193,51.4714677,-0.1237961
1194,51.0628927,-0.3312999
1195,54.9984481,-1.432246
1196,51.5783327,-0.2401918
1197,54.9986825,-1.4319019
1198,51.4642676,-0.1317982
1199,52.2906021,-0.5977524
1200,52.2911378,-0.5978368
1201,52.2918842,-0.5983733
1202,56.0171086,-3.6083183
1203,54.9811485,-1.4901947
1204,54.9812357,-1.489052
1205,54.9808797,-1.490985
1206,54.9551842,-1.4776644
1207,53.6823475,-1.4993761
1208,53.6824356,-1.4987661
1209,54.9771124,-1.5021279
1210,54.9730436,-1.519069
1211,54.9924394,-1.6052696
1212,53.4115595,-2.8012949
1213,54.9406918,-1.5450449
1214,54.9410374,-1.5447271
1215,54.9498573,-1.5704823
1216,54.9498029,-1.5711703
1217,54.9537773,-1.5443723
1218,53.4123642,-2.8397871
1219,54.921246,-1.5935037
1220,55.9314793,-3.2519946
1221,54.9356567,-1.5997136
1222,51.4456375,-0.1508225
1223,54.9360152,-1.5999063
1224,54.9323272,-1.5879986
1225,54.9427595,-1.5895825
1226,54.9388761,-1.5855919
1227,52.5693218,-0.2420817
1228,52.5656007,-0.248397
1229,51.4438062,-0.1527522
1230,54.9553942,-1.5864351
1231,54.9498127,-1.6154778
1232,54.9492556,-1.6153912
1233,56.0602793,-3.424121
1234,56.0660837,-3.4252691
1235,52.5183303,1.018191
1236,54.9504838,-1.605034
1237,50.9692388,0.0957137
1238,51.3933771,-0.3032621
1239,53.103383,-2.4393637
1240,54.9564268,-1.6086325
1241,54.9608767,-1.5998609
1242,54.9630001,-1.6041061
1243,54.9617715,-1.6031035
1244,54.9616108,-1.6027515
1245,54.9618079,-1.6002052
1246,54.3786487,-2.9052967
1247,53.2360772,-1.4290355
1248,51.5118187,-0.0820374
1249,55.8650823,-4.2615894
1250,51.5791221,-0.7120342
1251,54.9486827,-1.6457428
1252,51.575108,-0.0128056
1253,54.9521268,-1.6401368
1254,51.5207305,-0.053325
1255,51.4851651,-0.2199384
1256,50.807156,-1.0773353
1257,55.8659177,-4.2601648
1258,55.8656408,-4.2598725
1259,55.8654737,-4.2599395
1260,54.6421829,-3.5419355
1261,54.6440419,-3.5453786
1262,54.6430571,-3.5455906
1263,54.954234,-1.6847734
1264,54.9458773,-1.6811431
1265,54.9462083,-1.6782537
1266,51.4738141,-0.1332932
1267,51.5134754,-0.080445
1268,51.5134754,-0.080445
1269,52.7718744,-1.2912239
1270,51.2952773,-0.3282315
1271,54.0082413,-1.4674787
1272,54.0077074,-1.466448
1273,50.7896847,-1.0857906
1274,51.3205253,-2.2071461
1275,52.4565734,-2.145924
1276,52.4563674,-2.1453232
1277,51.3205964,-2.2064989
1278,56.0816521,-3.8695615
1279,51.5802148,-0.0991264
1280,54.9545329,-1.7283003
1281,54.9548165,-1.7263178
1282,54.9215074,-1.7392143
1283,53.4239351,-2.8373891
1284,51.5648582,-0.1323916
1285,56.4715796,-2.9760434
1286,51.4765745,-0.1305184
1287,54.9202787,-1.8155321
1288,54.9611919,-1.8484189
1289,51.4319282,-0.5468287
1290,52.2923305,-0.606835
1291,50.8088342,-1.0613151
1292,52.636752,-1.1330779
1293,52.6368806,-1.1329921
1294,52.6376045,-1.1323988
1295,51.574473,-0.0108754
1296,52.3969952,-0.5387493
1297,51.5743029,-0.0104778
1298,54.9709922,-1.6137591
1299,54.9705897,-1.6185999
1300,54.9708717,-1.6187425
1301,51.5487415,-0.1433411
1302,54.9710604,-1.6133423
1303,54.977252,-1.6124353
1304,54.97736,-1.6141515
1305,54.9772071,-1.6140108
1306,54.9731511,-1.6120251
1307,54.9733267,-1.6121302
1308,54.973643,-1.6116893
1309,54.9723925,-1.6155905
1310,50.2137827,-5.2995774
1311,50.2143975,-5.2972302
1312,52.3445932,-0.536297
1313,52.2820971,-1.5903746
1314,53.4060375,-2.9853131
1315,51.5472348,0.0062572
1316,55.8815179,-4.2828174
1317,51.5495673,0.0053397
1318,54.9732563,-1.6143766
1319,54.9733632,-1.614758
1320,54.9734247,-1.6150532
1321,54.9731695,-1.6154064
1322,54.8728541,-6.4785652
1323,51.4205626,-0.205638
1324,51.4205737,-0.2056866
1325,51.5541681,-0.0982877
1326,54.5494343,-3.5880903
1327,54.5482286,-3.5889122
1328,53.2357352,-1.4278074
1329,55.9528092,-3.1962506
1330,55.4464019,-4.5205464
1331,53.1248126,-1.2611028
1332,50.9854938,-0.7402575
1333,55.8078191,-4.3157655
1334,52.4793859,-2.1100892
1335,56.1228143,-3.170144
1336,52.8912817,-1.4521606
1337,52.9954102,-3.9399588
1338,51.428371,0.385181
1339,51.3806473,0.5469043
1340,52.5841587,-2.1264122
1341,53.760529,-2.6984062
1342,53.8280005,-3.0058566
1343,54.9699553,-1.6552151
1344,54.9699091,-1.6550421
1345,51.3837397,0.5243797
1346,51.3838436,0.5245014
1347,54.9731583,-1.6383219
1348,57.1462463,-2.1002979
1349,57.1449825,-2.104976
1350,57.1452534,-2.1039552
1351,57.1452952,-2.1026671
1352,50.7361656,-1.779038
1353,54.9756288,-1.6380469
1354,52.3933821,-0.7014744
1355,52.3901324,-0.7181623
1356,53.7577351,-2.7041854
1357,54.9758519,-1.6541404
1358,54.9758695,-1.6542482
1359,54.9760251,-1.6550369
1360,51.5935823,-0.1066085
1361,51.5462751,0.0054985
1362,52.4002825,-0.7288742
1363,52.4033806,-0.7263536
1364,53.1667952,-1.414909
1365,53.7709121,-2.7271306
1366,55.9004485,-3.6409976
1367,52.4021511,-0.72032
1368,53.8107324,-3.0548081
1369,54.9737991,-1.5628397
1370,54.9741189,-1.5617193
1371,53.5568605,-3.0605099
1372,57.6927997,-2.0048409
1373,57.6930843,-2.0052403
1374,54.9741049,-1.5451553
1375,57.5952976,-4.4278882
1376,57.5952848,-4.4273139
1377,57.5959723,-4.4290235
1378,54.7992324,-1.5762996
1379,55.9467361,-3.2162191
1380,55.9468,-3.2160752
1381,54.9880655,-1.5778105
1382,54.9882759,-1.5773505
1383,51.8894906,0.8964062
1384,51.8888394,0.8960549
1385,51.4625066,-0.1354955
1386,51.4622446,-0.1363574
1387,51.7509363,0.468473
1388,56.4745547,-2.98038
1389,53.8072176,-1.450542
1390,51.6082797,0.1059248
1391,54.9903463,-1.5368502
1392,54.9914948,-1.5313727
1393,54.9915827,-1.5295756
1394,54.9906448,-1.5365872
1395,54.9909793,-1.5348032
1396,54.9913694,-1.5331201
1397,54.9977136,-1.494644
1398,54.9964634,-1.5028236
1399,55.0016924,-1.5359908
1400,51.5421408,-0.1798366
1401,55.0074967,-1.4458059
1402,51.1154435,-0.1904077
1403,51.1152588,-0.1898426
1404,51.1152195,-0.1879294
1405,55.0079081,-1.4461632
1406,55.0089102,-1.448679
1407,55.0089916,-1.4471942
1408,50.8802879,-1.0306748
1409,57.5838345,-3.8699554
1410,51.5947192,-0.3830496
1411,53.4818113,-2.8863013
1412,55.0073522,-1.4643678
1413,50.6302884,-1.1780874
1414,55.0232909,-1.4564069
1415,50.7897822,-0.6547995
1416,52.4956372,-0.7067746
1417,51.436066,-3.1760426
1418,54.4857991,-0.6140328
1419,50.8000773,-1.0911513
1420,50.7968013,-1.0923497
1421,53.5017737,-2.6478419
1422,55.94293,-3.2886667
1423,57.4844745,-4.2338691
1424,51.4600109,-0.1349871
1425,52.482319,-0.7225829
1426,52.4879852,-0.7251953
1427,53.4568761,-2.2000355
1428,53.4567419,-2.2004459
1429,52.4733553,-0.7074913
1430,51.5076332,-3.2285251
1431,53.5674575,-0.068499
1432,53.4278308,-2.8031888
1433,52.9281488,-1.5187089
1434,54.7142781,-3.4983102
1435,53.7805587,-2.7424413
1436,53.3778023,-1.5003063
1437,52.368209,-2.7173555
1438,56.0582047,-2.7221894
1439,51.5753796,-0.3709656
1440,50.8568111,-3.392943
1441,53.0674892,-2.5236058
1442,51.4975667,-0.3133439
1443,51.4209293,-0.2062613
1444,51.5730261,-0.3712015
1445,56.4733574,-2.9296997
1446,55.0356056,-1.4346936
1447,53.9472001,-1.0742334
1448,53.9631161,-1.085476
1449,55.9671805,-3.1751267
1450,53.429496,-2.8026694
1451,53.4296262,-2.8021192
1452,53.4297299,-2.803223
1453,51.7936497,-0.66178
1454,55.9414526,-3.2233564
1455,52.1322606,-0.9891095
1456,52.1323718,-0.9887595
1457,51.3298477,-0.7022198
1458,55.0421331,-1.4448611
1459,55.0419104,-1.4462284
1460,55.0428421,-1.4464461
1461,51.3483894,0.5949475
1462,51.3635109,0.6088253
1463,51.3634609,0.6079884
1464,51.3634306,0.608428
1465,51.4566725,-0.9949021
1466,51.313538,0.8909664
1467,55.9781076,-3.1808986
1468,50.8615048,-0.9943232
1469,55.0543997,-1.4610136
1470,55.0412703,-1.4615731
1471,55.0418834,-1.4612669
1472,55.9293903,-3.2093915
1473,53.0192105,-2.1405355
1474,53.0627789,-2.1605545
1475,55.072237,-1.526009
1476,52.7592128,-1.9356615
1477,52.7600809,-1.9358144
1478,52.7589406,-1.9362783
1479,54.6321127,-1.7200524
1480,50.8670504,-0.9847169
1481,51.6885375,-3.229307
1482,51.6903238,-3.2288468
1483,53.4187943,-2.890821
1484,50.8315775,-0.1367958
1485,52.0623668,-0.8097146
1486,52.0043501,-0.7946213
1487,55.8366304,-4.2701266
1488,51.3746197,0.5835737
1489,53.8008768,-1.5437109
1490,51.3973665,0.9211168
1491,52.2583274,-1.1612034
1492,52.2581337,-1.1611685
1493,55.9533117,-3.296915
1494,54.6073951,-1.2925082
1495,53.0424363,-1.3753032
1496,53.4629933,-2.0758165
1497,52.4290202,-1.8696892
1498,52.4213195,-1.535003
1499,51.4837411,-1.0837195
1500,51.4576196,-0.999061
1501,51.673281,-0.3857911
1502,50.802312,-1.0876175
1503,51.5043142,-0.0903959
1504,51.5040549,-0.0907962
1505,53.5793203,-2.4300057
1506,53.5792558,-2.4299814
1507,53.5767791,-2.4294032
1508,53.5771362,-2.4290739
1509,53.5807241,-2.3857161
1510,53.5804005,-2.4061464
1511,53.579823,-2.4274527
1512,54.1148143,-3.2269075
1513,53.5765779,-2.4252958
1514,52.7740082,-1.2359249
1515,53.5935026,-2.2973773
1516,53.5935739,-2.297304
1517,52.2058919,0.1331157
1518,52.2061909,0.1326272
1519,51.3978689,0.495134
1520,53.5614047,-2.3698611
1521,55.9026284,-3.6409978
1522,55.9025757,-3.6411453
1523,50.783274,-0.6739589
1524,50.7833737,-0.6735234
1525,50.783411,-0.6734326
1526,51.6414794,-3.9768967
1527,53.648056,-2.3151802
1528,51.9943989,-0.7314183
1529,51.9942423,-0.7325517
1530,51.9942569,-0.7324489
1531,51.4882272,-0.0573771
1532,51.629754,-0.7521909
1533,51.6299493,-0.7526607
1534,51.6304225,-0.7526541
1535,51.6286321,-0.7484544
1536,53.560552,-2.4282802
1537,53.2592983,-2.1604201
1538,54.779083,-1.5549062
1539,50.8942386,-1.0186646
1540,51.1608715,0.5521063
1541,53.6451819,-1.7371808
1542,53.6457336,-1.7864275
1543,50.9190588,-1.4906408
1544,57.6379013,-3.3038834
1545,51.5000042,-0.0950083
1546,52.4638239,-1.7765866
1547,52.4638851,-1.7766161
1548,51.4651865,-0.1142754
1549,52.0568672,-0.8527206
1550,53.1834004,-3.420485
1551,51.4881641,-0.0955092
1552,50.8464164,-1.0495695
1553,51.4877852,-0.0957023
1554,50.8439097,-1.0674635
1555,52.6528908,-0.4793018
1556,51.4799971,-0.1116393
1557,50.7285524,-1.9370779
1558,53.8062834,-1.4519037
1559,53.8058741,-1.4519116
1560,51.4845309,-0.0940527
1561,51.4889156,-0.0963747
1562,51.4856065,-0.0937976
1563,51.4925992,-0.1010022
1564,52.7137133,-2.45447
1565,51.3308865,0.4430113
1566,51.3300613,0.4423463
1567,53.5234988,-1.1350963
1568,53.5240186,-1.1328272
1569,53.522018,-1.133946
1570,53.5220499,-1.1341337
1571,53.4493457,-2.3541148
1572,53.5227371,-1.1362744
1573,53.521519,-1.1337404
1574,53.5247685,-1.1335685
1575,53.5242775,-1.1334612
1576,55.870991,-3.9458906
1577,53.5228993,-1.1336159
1578,50.7628275,-1.2978472
1579,55.8364501,-4.2712212
1580,50.7309786,-1.1619356
1581,50.7283028,-1.1630152
1582,50.7288686,-1.1633733
1583,50.7298805,-1.1629247
1584,50.7298109,-1.1630011
1585,50.6993357,-1.2935449
1586,50.6999795,-1.2959898
1587,51.4970351,-0.1338863
1588,55.9361691,-3.1146374
1589,50.6989152,-1.2952662
1590,50.6993699,-1.2954759
1591,54.6000573,-5.9286469
1592,51.4403215,-0.1063588
1593,51.4395474,-0.1064715
1594,51.4344248,-0.1036513
1595,51.435505,-0.103949
1596,53.7773662,-3.0534511
1597,52.2366933,-0.8990523
1598,51.5517722,0.1610687
1599,52.2380262,-0.8935793
1600,52.2382504,-0.8969441
1601,52.2446739,-0.8967537
1602,51.3919283,-0.3070813
1603,51.3004263,0.440139
1604,52.7528674,0.3979792
1605,52.7556182,0.3949132
1606,52.0607719,-0.7479456
1607,53.4432056,-1.9493496
1608,53.4432142,-1.9499986
1609,54.3516946,-6.6556378
1610,54.3511865,-6.6555422
1611,52.2523821,-0.8781445
1612,52.2516711,-0.8790135
1613,52.2645257,-0.9000147
1614,52.2639896,-0.8885059
1615,53.8174976,-1.4515127
1616,51.5594996,-0.3796939
1617,52.2278799,-0.897612
1618,55.8327894,-3.2229303
1619,56.1258833,-3.1840392
1620,56.1265599,-3.184287
1621,56.1265884,-3.1848797
1622,53.3800942,-1.4741964
1623,51.6262782,-0.2690466
1624,53.8075684,-1.4510383
1625,53.452463,-2.9917442
1626,53.4520245,-2.9905392
1627,53.4140863,-2.5290351
1628,53.7454196,-1.601779
1629,51.2356938,-0.2045225
1630,51.3860295,-2.360948
1631,53.5771907,-2.429561
1632,51.2143177,-0.7996137
1633,53.3351159,-3.4045279
1634,52.4793817,-2.1097961
1635,53.097767,-1.1161399
1636,55.8691824,-3.0687395
1637,56.0203982,-3.8327465
1638,56.0900695,-3.9117904
1639,51.4877333,-0.1402597
1640,51.523479,-0.719517
1641,51.2604109,-0.1454654
1642,53.8229998,-1.459941
1643,50.8463101,-1.1249075
1644,50.8910081,-1.0457164
1645,53.8039119,-3.0396407
1646,50.8663939,-0.9843466
1647,50.3599043,-4.092144
1648,50.3598178,-4.0917656
1649,51.0638445,-0.3337058
1650,50.9033777,-1.0222251
1651,53.8118528,-1.6715855
1652,52.7469019,-1.4725525
1653,52.7471629,-1.4716571
1654,53.5920661,-0.6462636
1655,52.3429922,0.5117963
1656,52.6579471,-2.0179945
1657,52.6886751,-2.0306919
1658,52.6888108,-2.0311015
1659,52.6889084,-2.0309918
1660,52.6892803,-2.0304902
1661,52.6173344,-2.0044739
1662,52.6168033,-2.00452
1663,52.6163234,-2.0045169
1664,52.6642773,-2.4694352
1665,52.6643492,-2.4691314
1666,56.6453395,-2.8834105
1667,50.8214962,-1.0653757
1668,50.8421512,-0.790207
1669,53.3678736,-2.1138967
1670,50.8463652,-1.1234693
1671,50.7999998,-1.0882404
1672,51.4286331,-0.4951433
1673,50.8650139,-1.000205
1674,51.5097707,-0.1235751
1675,52.9235061,-1.477191
1676,50.7999404,-1.1026684
1677,53.8074604,-1.623954
1678,51.6117175,-0.4245209
1679,56.3195096,-3.0119087
1680,55.9343715,-3.4700046
1681,53.6673687,-1.4867136
1682,50.8208144,-1.0767298
1683,53.7995934,-1.5447244
1684,55.9596717,-2.9842248
1685,53.3452363,-2.8394441
1686,53.3446548,-2.8395749
1687,53.3408781,-2.8383992
1688,51.50259,-0.1082405
1689,52.372181,-1.257095
1690,55.9373554,-3.2339484
1691,50.852378,-1.1791837
1692,54.0493942,-2.7994601
1693,53.7756209,-1.5450638
1694,50.8360776,-0.7752594
1695,50.79829,-1.0770237
1696,50.799047,-1.0767407
1697,50.8047431,-1.081439
1698,50.8151384,-1.0794698
1699,50.8153039,-1.0794716
1700,50.8156527,-1.0798184
1701,50.8495346,-1.0926894
1702,50.8512972,-0.9831522
1703,50.8467993,-0.9367226
1704,50.7576201,-1.5442119
1705,50.7538701,-1.6556759
1706,50.7554269,-1.6566873
1707,51.5221558,-0.0455853
1708,53.7234959,-1.8600369
1709,54.0474306,-2.8004921
1710,53.4054967,-3.1141024
1711,53.3858281,-1.5082083
1712,50.8276011,-0.3694482
1713,55.8346851,-4.2651389
1714,55.8348281,-4.2651016
1715,53.7219803,-1.858331
1716,52.4753716,-2.0391082
1717,52.4756424,-2.039902
1718,56.0407312,-3.4233833
1719,53.6538524,-2.6302439
1720,51.7244777,-0.8321486
1721,52.3084726,-1.9592303
1722,50.7885249,-0.9768958
1723,53.6759887,-2.6544401
1724,51.4865538,-0.3000644
1725,51.4585175,0.0038932
1726,55.9551624,-3.1506434
1727,55.8348431,-4.2656954
1728,50.8350413,-0.3989523
1729,53.3812297,-3.0241424
1730,54.8662961,-1.4163921
1731,54.8664625,-1.4171602
1732,50.8641785,-1.274868
1733,52.4757001,-2.040941
1734,52.475494,-2.0413137
1735,53.6532927,-2.6316309
1736,51.4358531,0.0458269
1737,51.7468516,-0.9771945
1738,51.4423164,-1.0105924
1739,51.5148762,-0.0621119
1740,53.4049428,-2.9808598
1741,53.4047291,-2.980704
1742,53.4042948,-2.9772244
1743,51.1110419,-0.216291
1744,53.4065651,-2.9843546
1745,53.4063938,-2.9839058
1746,51.5813376,-0.4992591
1747,51.5725837,-0.7764767
1748,55.0116591,-1.5914447
1749,53.4570268,-2.1140694
1750,51.410808,-0.6742271
1751,51.4107403,-0.6732115
1752,53.7965545,-1.2516054
1753,54.7864759,-1.5249625
1754,51.6289804,-0.7494297
1755,51.6303587,-0.7530583
1756,53.4815965,-2.2403924
1757,51.4385054,-0.1865557
1758,55.8885929,-3.8845722
1759,51.5129669,-0.1420659
1760,52.2380747,-0.8970621
1761,52.2386652,-0.8967255
1762,52.2377297,-0.8960576
1763,52.2404464,-0.8877978
1764,51.4558731,-0.9754349
1765,51.6845782,-1.2656969
1766,52.2418729,-0.8768195
1767,52.246069,-0.8825554
1768,52.2417546,-0.8792603
1769,52.2417825,-0.8790645
1770,52.2422859,-0.8746912
1771,53.8341151,-1.7772412
1772,51.4746411,0.0341586
1773,52.2570435,-0.8351511
1774,52.2575817,-0.8357268
1775,52.2577193,-0.835851
1776,50.84369,-0.1344903
1777,53.8006366,-1.5440901
1778,53.9601712,-1.0813404
1779,52.2400465,-0.9149471
1780,53.4560995,-2.1140535
1781,53.4560284,-2.1138952
1782,51.5641727,-0.1052123
1783,50.6083851,-2.4549751
1784,50.6090011,-2.4546963
1785,50.6098049,-2.454768
1786,51.8164085,-0.8124344
1787,51.8178997,-0.8136956
1788,51.8178502,-0.8134845
1789,51.8173022,-0.8139324
1790,51.817165,-0.8105361
1791,51.5564797,-0.0558188
1792,51.5265742,-0.0881997
1793,51.3501993,-2.9783913
1794,51.4179732,-0.177925
1795,51.3390247,-0.1164629
1796,53.3932957,-2.152513
1797,51.359073,-0.1499019
1798,51.3588881,-0.1494488
1799,51.3597819,-0.1496656
1800,57.5372689,-2.4596165
1801,53.9689001,-1.0952661
1802,51.6166009,-0.7836194
1803,53.7582051,-2.6983324
1804,51.6104209,-0.6459497
1805,51.6108677,-0.6461797
1806,53.3925605,-2.2348861
1807,51.6335852,-0.7833794
1808,53.9556508,-1.1246914
1809,51.5451466,-0.0462855
1810,51.6314257,-0.7602376
1811,58.5940395,-3.5210189
1812,51.6143956,-0.2482561
1813,51.2058951,-3.479053
1814,51.2062921,-3.4744
1815,51.7509463,-0.4727425
1816,54.5480689,-5.9414555
1817,51.600645,-0.2670853
1818,51.6145922,-0.247083
1819,51.6137989,-0.2486621
1820,51.4678072,-0.9747215
1821,52.0574171,-2.7132725
1822,50.8088253,-0.540945
1823,51.601977,-0.2646355
1824,51.3802437,-0.0735301
1825,51.3825296,-0.0685036
1826,51.3802395,-0.0727589
1827,52.3307883,-0.1844408
1828,51.307049,-0.120222
1829,55.1318145,-6.6768863
1830,51.3559746,-0.0975316
1831,51.3521471,-0.0982896
1832,51.3595849,-0.13955
1833,52.9204084,-1.4039776
1834,51.350923,-0.0386295
1835,51.4921319,-0.0630426
1836,51.4921319,-0.0631379
1837,51.5529552,0.0056029
1838,51.5526785,0.0053705
1839,55.8793054,-4.3864932
1840,55.8783613,-4.3863609
1841,52.5310505,-1.5056514
1842,51.4193119,-0.9592948
1843,51.4459631,-0.9655432
1844,51.2661579,-1.08553
1845,57.155903,-2.1620181
1846,52.2432122,-0.9439471
1847,51.5428035,-0.0051353
1848,54.6180342,-1.2721807
1849,53.4638148,-2.2684873
1850,53.0765745,-0.8089627
1851,53.0763223,-0.8084076
1852,51.4410386,-0.187247
1853,51.4260977,-0.0500314
1854,51.4261219,-0.050193
1855,51.4261493,-0.0503741
1856,51.3005221,-0.1171945
1857,51.6658537,-0.6142433
1858,52.3936784,-2.0186195
1859,50.7975082,-0.6907622
1860,51.3795449,-0.0878358
1861,55.7737287,-4.0793036
1862,53.2294616,-0.5398712
1863,53.226467,-0.5416107
1864,53.2252949,-0.5423546
1865,53.4084156,-2.9927562
1866,53.4053732,-2.9894168
1867,53.4054114,-2.9886528
1868,51.7522891,-0.473261
1869,51.7529109,-0.4725395
1870,53.3177434,-3.4850712
1871,52.9302102,-1.4505772
1872,52.9241248,-1.5193145
1873,51.3990046,-0.0978624
1874,51.403298,-0.1011547
1875,53.3211746,-3.8253987
1876,51.4077897,-0.1052541
1877,51.2403096,-0.1678176
1878,53.3248931,-3.8328499
1879,53.1649502,-2.2356032
1880,51.4457205,-0.3297444
1881,51.5075537,-0.1515678
1882,51.3188166,-0.1500541
1883,53.3221407,-3.8253343
1884,53.3270256,-2.2321314
1885,56.0719091,-3.4604446
1886,53.8293669,-1.5379083
1887,53.8282983,-1.5373343
1888,53.99336,-1.5414615
1889,56.0715082,-3.4611203
1890,56.0718578,-3.4612765
1891,52.0864185,-0.7216887
1892,53.3226754,-2.9831385
1893,53.2809719,-3.827586
1894,51.0241599,-0.4509669
1895,56.0718055,-3.4640306
1896,53.2836692,-3.8027608
1897,53.7978801,-1.5399098
1898,51.3574854,-0.1735441
1899,51.5065172,-0.1468778
1900,53.1628792,-2.2126224
1901,51.2874755,-0.0888857
1902,51.3742497,-0.0510087
1903,53.4897206,-2.2874511
1904,56.1124742,-3.3441031
1905,52.7081376,-2.743659
1906,53.7936335,-1.7528303
1907,51.5124892,-3.2194649
1908,51.4482524,-0.3293237
1909,55.7717919,-4.1561333
1910,51.617467,-0.7656111
1911,51.3770955,-0.0280199
1912,53.2953303,-3.7269107
1913,53.2953808,-3.7272285
1914,56.4558081,-2.9917122
1915,51.3228801,-0.199923
1916,51.3223868,-0.2031469
1917,51.3426625,-0.0163526
1918,51.3415883,-0.0147991
1919,51.3407623,-0.013871
1920,53.3091054,-3.7396203
1921,51.5089083,-0.0099153
1922,51.5090087,-0.0154006
1923,54.8569344,-1.5740758
1924,54.8554688,-1.5735421
1925,51.4087363,-3.4829119
1926,56.1328189,-3.3797456
1927,53.7974976,-1.5463243
1928,52.7079795,-2.7547225
1929,51.4103637,-0.1408287
1930,51.405663,-0.1633781
1931,51.4055455,-0.1647482
1932,51.4061533,-0.1645542
1933,51.403377,-0.1761042
1934,57.1504905,-2.1016773
1935,53.2942162,-3.5800114
1936,56.4634495,-2.9693193
1937,53.0228563,-1.4813964
1938,53.8015221,-3.0115628
1939,53.7573413,-1.5273196
1940,57.144888,-2.104038
1941,57.1430229,-2.1108654
1942,57.1437476,-2.1108573
1943,51.4739327,-0.0923545
1944,53.3965302,-3.0392791
1945,50.852466,-1.1811205
1946,51.3725384,-0.1678203
1947,51.3797835,-0.1556132
1948,50.4356259,-3.5691753
1949,55.9414538,-3.0577085
1950,55.9437919,-3.0598903
